Gene	log2FoldChange_Pop_vs_Naive	log2FoldChange_Pop_vs_Primed	AveExpr	P.Value
CCKBR	8.880112235	8.413068918	0.337873068	2.95E-43
CLDN4	8.559287499	8.606842945	0.511030633	1.74E-65
LRP2	7.867038812	8.016414891	0.460094412	9.28E-56
ABCG2	7.672162433	8.615535977	1.402006898	1.01E-22
GATA3	7.326999692	7.389030005	0.220609766	3.35E-126
GATA2	7.275534888	7.452566698	0.339663741	2.66E-77
PTN	7.160689708	3.160550023	0.182823697	5.91E-05
VGLL1	6.772207895	6.810716366	0.184583261	4.13E-133
STS	6.757593987	8.343449947	1.877801081	1.03E-17
CA12	6.561057214	6.26611883	0.199210153	9.11E-36
MSX2	6.261453118	7.2461881	1.11105014	7.99E-24
KRT19	6.152807421	6.647935367	4.127196447	2.13E-13
MBNL2	6.145982513	5.587636074	0.207262989	1.21E-19
EPAS1	6.006500594	6.109664635	0.353800792	6.56E-66
RGS16	5.902961854	5.272153749	0.326604491	2.75E-19
LINC00643	5.813071634	5.845919692	0.155937202	3.39E-83
HSD3B1	5.714998132	5.73361456	0.14146192	1.02E-98
NR2F2	5.708455536	5.837740255	0.246302064	4.00E-88
ERVMER34-1	5.656359429	4.179457661	0.384064776	6.76E-06
NUAK2	5.645255932	5.784914295	0.796359461	9.42E-25
FYB1	5.542133921	5.773499034	0.370795834	1.08E-48
GRAMD2A	5.513938523	5.307887471	0.299313472	1.54E-31
HS3ST3B1	5.47969297	5.47558086	0.367440736	8.08E-35
TENM3	5.472948689	3.897456511	1.168829828	3.72E-05
ACER3	5.459603808	4.696106979	1.405014165	2.37E-06
ERRFI1	5.387749103	4.15432148	2.028252665	8.35E-05
DAB2	5.354913273	5.390206214	1.024702404	5.28E-15
AMOTL2	5.293712493	5.540031887	1.285375189	2.49E-15
SHTN1	5.281306593	5.218058609	1.74094599	1.96E-09
XAGE2	5.244437032	5.30891558	0.179626862	2.92E-76
BCAT2	5.195986345	3.516487693	0.516418307	1.30E-08
WFDC2	5.154318349	4.228069744	0.20761444	1.94E-17
PGF	5.107074169	5.048000597	0.328531963	1.56E-38
EFNA1	5.086369735	5.805816989	1.300204478	5.19E-13
PLK2	5.009962023	5.629048003	1.797467656	1.60E-08
FABP7	4.988685998	5.184838954	2.89193354	7.56E-09
TINAGL1	4.959527464	4.886210766	0.150575581	8.58E-60
ERP27	4.924408235	4.921860305	0.135209317	9.65E-94
AHNAK	4.923869992	6.447646422	1.659125236	4.35E-12
WNT11	4.881653045	5.238518004	0.44221157	1.11E-32
NID1	4.875630535	3.570883088	0.956909022	0.000116389
CLDN3	4.777131089	3.772663114	0.181648114	1.92E-11
SLC7A2	4.756625461	7.279638878	2.984717714	1.20E-07
CLMP	4.747011733	4.431733863	0.673180369	6.67E-10
MPZL1	4.740473505	3.452830868	4.336012687	0.000555305
SLC7A8	4.696712795	2.071166692	3.821660332	3.30E-06
ANKRD6	4.675806764	3.975872165	0.19747972	1.91E-09
ADGRG1	4.669698909	4.701426684	0.185924081	8.40E-69
FOS	4.659605322	4.495723654	0.541791442	1.66E-13
LHFPL2	4.631538142	3.882696915	0.858131917	1.15E-05
SMAGP	4.589287917	4.989587167	1.403110864	4.26E-14
CYP19A1	4.544732329	4.423537307	0.161292097	1.16E-36
CREG1	4.536615243	3.842931702	2.218841632	0.000247738
IFI6	4.524972573	4.998593891	1.567051645	5.23E-12
P2RY6	4.500492	4.489665277	0.110372391	1.98E-98
ENPEP	4.500405869	4.322120382	0.359907547	9.34E-14
EGFR	4.492965852	4.392205139	0.222049218	3.93E-30
S1PR2	4.487440298	2.892247521	0.756810008	9.00E-05
LINC01356	4.483916134	5.474472263	2.196767477	9.34E-11
LAMB1	4.47263662	5.184771664	3.094136255	3.38E-08
GREB1L	4.427208434	5.609622927	1.501932572	1.15E-11
CDC42EP1	4.41427354	3.962517756	0.359254433	7.10E-17
FIGN	4.378071311	3.812165925	1.938659719	0.000124433
PKP2	4.367031104	6.478159906	3.758857409	2.26E-08
MGAT4A	4.355657366	5.024486099	1.319967974	3.76E-09
RGL1	4.353485305	4.24729191	0.387721185	1.07E-17
GRHL1	4.346636872	7.736498669	3.553111109	2.72E-06
STARD10	4.334681157	4.953501278	1.266957531	1.40E-14
ANPEP	4.317567984	4.735338912	0.512740829	4.33E-21
TPD52L1	4.264400084	4.336893051	1.054133548	6.54E-10
WLS	4.20226409	4.89280423	1.312451193	5.23E-09
TRIML1	4.156362529	4.218377554	0.301089829	4.22E-38
RAB20	4.116421602	3.171037205	1.03462052	8.31E-05
TMEM54	4.076960046	4.930771225	1.011068009	4.63E-14
ARHGAP29	4.064484713	4.378899959	2.054150436	2.73E-06
MRGPRX1	4.059766299	4.067246374	0.095010368	4.01E-85
PALLD	4.032404884	5.101710288	2.749105766	2.43E-06
MBNL3	4.022680157	4.910989248	2.2394377	7.50E-07
MXRA8	4.017313193	5.853445357	2.293166373	1.95E-09
PTGES	3.99042499	5.06146883	1.729922974	5.61E-07
CD274	3.984456544	3.984685763	0.107628699	3.41E-76
C1QTNF6	3.969144685	3.744013775	0.242912105	3.18E-17
PARVA	3.952400789	3.909043765	1.636591909	2.31E-06
AMOT	3.940431715	3.958669938	1.10106798	1.84E-07
MPP1	3.922409412	4.976675893	2.74945984	1.49E-06
KANK4	3.893936522	4.416905946	0.700467915	2.92E-14
COL4A2	3.868993495	2.28327795	0.484457065	0.000921274
SH3BGRL2	3.821003789	3.89582581	2.115362482	2.43E-05
PFKP	3.817777979	2.85300953	4.072450569	2.43E-05
AAED1	3.809016537	2.887819587	1.353716226	0.000285741
HAPLN1	3.800142695	3.730843986	0.163652204	2.19E-21
KRT18	3.795355533	2.790978084	6.773930187	3.29E-09
PLEKHF2	3.78831311	5.328707014	2.944314168	1.51E-05
ENC1	3.772608595	3.210834901	0.136520672	9.20E-08
ARL4C	3.757823689	3.224765845	0.307196533	1.52E-07
PLEKHA6	3.750060968	3.422224218	0.099853922	1.77E-15
LINC00456	3.721745121	3.731639169	0.08984668	9.88E-119
NRIP1	3.707855863	3.795890219	1.603465534	1.15E-05
OLR1	3.702377094	5.146675585	1.484490722	1.99E-05
SGPP1	3.674452579	4.705556387	1.720276309	2.27E-06
MYO7A	3.672871032	3.901077692	0.389009334	7.43E-22
TACC1	3.63874858	5.852065662	2.940585184	8.73E-06
MUC15	3.637933188	3.646374908	0.086718731	1.81E-62
KRT8P3	3.625570417	4.679792619	4.895091266	5.02E-12
PLEKHF1	3.622304089	3.163900008	0.306416315	1.19E-09
ITGA5	3.58356351	2.535718234	0.403664326	0.000235292
E2F8	3.574804907	3.359096173	0.806557962	2.04E-06
ACKR2	3.573582762	3.749021615	0.261162226	4.03E-29
BTG2	3.568315481	4.239809517	0.892789919	4.48E-09
TFAP2A	3.567301497	4.712053396	1.214189206	2.65E-10
KRT8	3.552862799	4.538128375	7.579181247	8.49E-12
ISM2	3.519674446	3.572820216	0.139099412	1.56E-43
VTCN1	3.510548857	3.51044323	0.076273044	2.49E-75
SYNJ2	3.500542279	3.524622779	0.905308658	3.35E-08
CRTC3	3.468675767	3.959275407	1.193326446	1.10E-08
PRKCH	3.453019704	3.268873785	0.251182885	3.07E-13
SLC37A1	3.441509237	3.067572121	0.331294278	1.94E-08
IMPDH1	3.438560319	3.738086163	1.627743963	1.37E-06
RAB17	3.425192743	3.066111782	0.103836798	3.44E-11
CERCAM	3.414976615	4.134785819	1.054847029	2.99E-09
KRT8P10	3.408112751	3.310594406	2.008630125	2.18E-13
LIFR	3.392152534	3.836163715	1.931915501	2.36E-05
CRYBG1	3.38711908	5.324552277	2.269500225	0.000136288
TMEM52B	3.383703314	4.542073322	1.236401511	3.71E-07
DFNA5	3.382123152	3.368208589	0.485960589	1.24E-11
HSPA2	3.377205506	5.402894461	3.384116787	1.12E-05
ADAP2	3.374797004	3.519347222	0.241824402	2.69E-31
KRT8P45	3.353037954	3.980552717	2.029882111	3.29E-13
RHOU	3.344121563	4.12202499	1.174643192	6.82E-07
MYOF	3.330986816	5.633914003	2.41944617	1.98E-05
EFNB2	3.327167999	3.035252459	0.603036896	2.83E-06
SLC20A2	3.32301584	3.829861942	2.206312484	3.34E-06
PPARG	3.321622122	5.601394891	2.371534723	1.23E-05
TMPRSS13	3.317986346	3.326571399	0.125886099	1.39E-52
SUSD1	3.296519158	3.80528446	0.70963114	6.73E-10
PPFIBP2	3.295636149	2.683734469	0.358642287	2.87E-05
RASSF2	3.286505031	4.015213252	1.510183086	4.33E-06
PRKAR1B	3.278322771	3.04101857	1.344168651	3.93E-07
SP6	3.273394751	3.357490512	0.162800592	1.48E-40
GBP1	3.271658169	3.411052264	0.209064712	2.77E-22
GJA5	3.263017926	3.235125101	0.148115228	2.11E-26
BIN2	3.248324433	5.763039105	2.640857459	2.04E-05
IRX4	3.24257253	3.179241943	0.122825302	2.41E-34
CAPN1	3.24118339	4.015268573	3.269041808	1.10E-05
SETD7	3.234435208	3.903058001	1.126910119	7.19E-07
AL139002.1	3.232987535	3.234397026	0.074022569	2.16E-130
KALRN	3.21060241	3.177043319	0.439283449	2.06E-11
LAMA1	3.208739037	4.071803221	3.299607929	8.01E-05
WNT5A	3.207874921	2.575006734	0.138287854	5.52E-05
COBLL1	3.196695373	3.050536762	0.215665076	2.69E-12
KRT18P4	3.192116722	2.779113032	1.664811536	2.04E-12
MVP	3.190906506	5.076717244	2.215453619	1.81E-05
UEVLD	3.189905842	3.45838904	1.724767197	3.68E-05
TSPAN15	3.187957546	4.964323108	2.70614074	0.000103593
IL1R1	3.182491083	3.320869231	0.217428017	2.13E-27
DCAF6	3.179511623	4.312618956	3.420191754	4.04E-05
KRT8P36	3.144295496	3.575666421	1.332802978	3.52E-15
DLX3	3.129384061	5.408251346	2.377934638	1.08E-05
SH2D4A	3.113636083	5.838199263	3.466593828	2.70E-05
HMOX1	3.109857138	5.942524335	3.347985102	1.63E-05
SLC11A2	3.1066203	3.764637734	3.693246867	0.00026894
PIP5K1B	3.105220045	3.047026494	0.17655049	2.94E-19
CEBPD	3.103420088	3.529087313	0.696166376	6.54E-13
DUSP13	3.101369056	2.813273404	0.209061666	4.58E-10
OVOL1	3.064757053	3.557101704	0.585949935	1.54E-10
APOL6	3.063663381	3.013334522	0.103878812	4.26E-33
POMGNT1	3.05598124	4.186489126	2.663166655	0.000106405
ADAM15	3.023109536	4.169470586	1.88741714	1.24E-05
KRT8P33	3.021530049	3.808746653	2.715945527	2.58E-10
SOCS3	3.002928589	3.031382026	0.400844472	9.34E-17
KRT19P1	2.99399086	2.966522587	0.321950208	4.71E-42
HUNK	2.957337073	2.815548201	0.203940221	5.41E-15
LRRC1	2.945304545	3.88059689	1.860856205	4.23E-05
ITGB4	2.943186215	2.986175573	0.138851716	4.15E-37
PTPRE	2.941898723	2.66130144	0.07799817	2.85E-11
MTMR7	2.931686771	2.516023938	0.405195729	6.27E-05
COLEC12	2.925872108	3.048029415	0.22089628	1.20E-18
SH3BP5	2.922902734	3.083183677	0.343431751	1.67E-23
CCNE2	2.909461649	2.549296502	0.581636953	0.000507076
ABHD11	2.89567972	3.406907817	2.63375058	1.71E-05
SKAP2	2.895270604	3.073800965	1.376684589	8.65E-05
TBC1D2	2.894508535	2.931191505	0.558527746	1.07E-10
SLC40A1	2.88175771	3.025431438	0.245503251	4.53E-16
FAM83B	2.877626336	4.54203843	1.798692217	0.000116284
ABCA5	2.867632996	3.026735822	0.505186605	1.92E-10
POC1A	2.862509255	2.861188573	2.310970429	0.000237061
TNFRSF21	2.861074099	3.550423349	3.132304055	0.000675592
HAVCR1	2.85798017	4.361939797	1.559476052	0.000365711
H19	2.857608392	3.428566019	0.692244346	2.72E-19
CCBE1	2.851685514	2.254618136	0.07548262	0.000193651
MICAL2	2.836165372	3.342442267	0.571493394	1.00E-09
FARP2	2.831013532	3.349244088	2.071600446	8.76E-05
CIZ1	2.814997431	2.930316751	1.540771861	1.24E-05
TTC39A	2.81003607	2.489638026	0.202923367	6.23E-07
SRC	2.800390806	2.728535664	0.458746301	9.10E-09
KRT18P11	2.797560215	2.130260734	1.127409357	2.14E-08
LAD1	2.784065189	4.364808339	1.835337483	0.000119247
FAM46A	2.771530517	3.018280719	0.688912007	2.94E-07
NEDD9	2.764459545	4.414725983	2.034631802	0.000610007
TBL1X	2.757349205	2.674341115	2.217906827	0.000645271
SPOPL	2.757235395	3.353785235	1.507498663	0.000184463
ATP7B	2.757003743	4.003406918	1.566708189	8.67E-05
KRT18P29	2.75095826	2.475778836	1.040411584	2.93E-13
ZNF165	2.749570706	3.649113402	2.166851039	0.000525426
GRAMD2B	2.747389979	2.416706492	0.588296929	0.000531999
C10orf10	2.747245835	3.394516156	0.778083353	3.02E-06
ZNF702P	2.746344384	4.110704082	1.887147366	0.000428061
KRT18P17	2.741455506	2.299902596	1.16496079	6.81E-10
MTA2	2.733648133	2.100369851	2.661723155	9.94E-05
ZFHX3	2.731247251	3.757569723	1.764599942	7.18E-05
CTC1	2.717260933	3.291839634	1.469546586	1.97E-05
ARRB1	2.714784539	4.136192416	1.811428576	6.25E-05
SYDE2	2.698082635	2.529976273	0.517621248	4.40E-05
LRRC61	2.692182106	3.952735844	2.763551839	0.000447072
TEAD3	2.682928327	2.23117196	0.392654955	3.57E-05
FAM110A	2.681254945	2.867274129	0.783360432	8.69E-09
NT5DC3	2.676001052	3.887109951	2.745798417	0.000821928
RIC1	2.669379687	2.685186172	1.513809666	0.000861524
LTBR	2.6670684	4.10416227	1.749237961	0.000115312
SH3KBP1	2.65926222	3.833322017	4.525339778	7.90E-05
EPB41L3	2.658931059	2.224765223	0.166493161	6.75E-05
PROS1	2.653106029	2.532141146	0.831218718	0.000797562
FLOT2	2.635804256	2.447820046	4.24907205	0.000366793
NENF	2.634418072	2.524202351	1.80103913	4.81E-05
ADAM9	2.632029851	3.381769256	3.174521043	0.000769304
GAB2	2.626991435	3.855215928	1.520093639	6.47E-05
TP63	2.621589605	2.667117351	0.110743384	4.36E-31
ARID3A	2.620484925	4.832405057	3.310693114	1.46E-06
ATP2C2	2.609760828	2.932368003	0.497230457	1.16E-11
ZNF440	2.59542103	3.180209452	1.075348794	0.000264779
KRT18P38	2.591422548	1.897375021	0.851234631	5.42E-07
PAK6	2.560458984	3.191842968	0.719110478	2.28E-08
RXRA	2.558832469	2.424568452	0.61383702	1.58E-06
SYNPO	2.548646542	2.521349467	0.088724617	9.13E-34
ATP6V1C2	2.548484656	3.182420138	1.191106763	4.91E-06
BATF	2.545999033	2.545870943	0.055295375	5.96E-93
DCBLD1	2.543138226	2.706965405	1.00081712	1.88E-05
AC073174.1	2.539148054	2.574443021	0.086945535	5.27E-65
GPC1	2.532160235	2.8269882	0.954596559	1.79E-06
SQSTM1	2.530378979	5.769000459	5.548240807	6.57E-07
FBXO18	2.513623009	2.777755298	1.400485824	9.03E-05
FAM89A	2.501804905	2.574486086	0.140898322	2.19E-27
AMPD2	2.499672067	2.842428817	1.562906136	0.000275292
AL049555.1	2.498291524	3.805908713	1.371069532	0.00089172
PSTPIP2	2.498146551	2.242996779	0.213780237	7.97E-06
RHOBTB2	2.492084206	2.426902249	0.301485516	1.30E-11
EHD4	2.48411015	3.68741575	4.224941756	0.000181374
TANC2	2.483433206	2.805200362	1.141327001	0.000147483
PLPP3	2.480107641	2.916891056	1.630204075	0.000163965
ARHGAP10	2.47204944	3.802454389	1.656890747	9.99E-05
TMCC3	2.469248872	3.328551953	1.00214155	0.000116681
MYO5B	2.464606995	3.48845403	1.518894142	0.000262629
RNF43	2.459350113	2.541981464	0.406986108	1.21E-09
HSPB8	2.457290763	2.538038024	1.010633577	0.000128375
RASGRF1	2.45606633	2.390863332	0.061252964	1.33E-24
BAIAP2	2.437287039	4.558722175	2.768357896	0.000303229
ALDH3B2	2.428923992	2.418308434	0.052762616	3.02E-61
MAML2	2.416087401	2.083440087	0.145761216	2.05E-05
CYP11A1	2.378416787	1.823289142	0.186139726	0.00085043
TGM2	2.372664795	2.563695974	0.312397792	1.49E-13
DOK4	2.370625435	2.604103728	1.175283695	0.000184528
AL050338.2	2.366063265	2.687844656	0.372884197	5.45E-10
SLC28A3	2.353415828	2.370154775	0.083247317	3.59E-43
NR1H3	2.349412972	2.191521932	1.082298172	0.000322045
RIN3	2.349020356	2.866729899	0.67699033	6.26E-09
FBLN2	2.348787224	2.113563708	0.406300894	5.01E-05
RIPOR1	2.339504051	2.565590706	0.525182598	2.25E-08
BCAM	2.334830819	1.941783674	0.307293494	4.54E-06
ARHGAP17	2.326306014	3.135327161	2.939295257	0.000172884
JCAD	2.31507496	2.089736408	0.074313054	1.69E-08
ITGA1	2.309355234	1.964688421	0.143623887	0.000115149
PIEZO1	2.305992327	2.352366761	0.640404727	4.86E-07
ACTN1	2.303039287	1.825019966	5.340098407	0.000731894
FOXO4	2.302106835	2.484389431	0.321845822	9.04E-15
SERTAD2	2.294607891	3.188387262	1.575672989	0.00040752
SCARA3	2.277358625	2.356297874	0.393899089	3.63E-08
GALNT3	2.265035508	2.679853421	1.031050529	0.000193362
ALDH4A1	2.264158311	3.535948745	2.150356107	0.000672481
FABP5	2.259160484	2.905811254	3.167526023	4.98E-05
RHOD	2.25360748	2.204582461	0.700135021	1.08E-05
SMTN	2.252995336	3.281247085	1.691489616	0.000336326
RBM47	2.249522444	3.696095948	5.716488283	8.49E-05
FST	2.247017532	1.854532474	0.15207124	0.000307441
KRT8P32	2.244914888	2.415791978	0.646388154	9.53E-16
LCMT1-AS2	2.244589777	2.299477116	0.215210206	2.55E-15
ALDH5A1	2.235826752	2.444514946	0.845081487	4.50E-05
AC098934.1	2.226882878	2.572816009	1.190047354	0.000156659
GABRE	2.210483251	2.202625127	0.272998295	1.61E-08
WWC1	2.199248739	1.902801716	0.501549914	0.000580617
HPCAL1	2.198942586	2.7342041	1.69236312	0.000434314
PAXX	2.19080379	3.76833296	3.461369409	5.45E-05
AC005840.4	2.189976468	2.453079784	0.387870538	4.85E-19
ADAM8	2.180478906	2.479738439	0.412873689	7.42E-09
NUDT14	2.163387254	2.836803367	1.666052228	0.000520989
LLGL2	2.159925334	2.879928377	1.28875094	0.000470676
HAND1	2.159450157	2.39630909	0.298723189	5.92E-09
CORO1B	2.149475861	3.233322109	3.841399947	0.000661106
WNT7A	2.147783467	2.635606142	0.55946805	5.35E-06
PKP3	2.144329402	6.35786302	4.385604014	0.000825113
FCHSD1	2.144179702	2.20610141	0.378360083	2.31E-09
KRT8P22	2.143249218	1.94387524	0.456453409	3.96E-11
GRHL3	2.137011053	2.316478481	0.25827404	8.12E-12
CCDC85C	2.135764875	2.714505443	0.869755478	5.21E-06
NFKBIZ	2.095112148	1.91363414	0.24548307	1.21E-05
CASP4	2.079737324	2.109555609	0.100215882	1.02E-24
SEMA6D	2.077648084	2.691656721	0.735060213	5.83E-05
SSH3	2.077020998	2.011398626	0.390212003	1.31E-06
MFSD12	2.074931599	2.402073267	0.983641375	6.11E-05
ODAM	2.059887841	2.063978113	0.048520711	5.79E-64
ST8SIA4	2.051417842	2.55212984	0.65256371	0.0001753
PLAC9	2.042337382	2.045189079	0.408228304	2.18E-08
PRR5	2.034470818	3.675561758	1.854224806	0.00017675
ITPRIPL2	2.028863409	2.377416361	0.574850777	1.95E-05
ZNF436	2.027971631	1.99609747	0.311944889	5.46E-05
GPR32	2.02744355	2.037758713	0.053462919	3.92E-42
ZNF750	2.018673884	2.100454056	0.128480189	1.02E-20
P2RY2	2.01651416	2.029811234	0.076827089	1.85E-31
SFN	2.012727612	2.359865326	0.650569351	1.98E-06
ACTN2	2.002737602	1.817345431	0.145799205	5.40E-06
RIPK4	1.999504428	2.69282307	0.790440339	9.23E-05
C2orf72	1.998529854	1.919770705	0.143460449	3.91E-11
BCAR3	1.990630501	2.063506984	0.682359655	8.47E-05
TMEM171	1.989787566	2.014725728	0.173989366	7.14E-14
RAB11FIP5	1.987408469	2.011581404	0.471113877	4.59E-06
LINC01588	1.987100066	2.063306744	0.147744662	7.08E-21
KRT8P35	1.981928364	1.911057447	0.444633796	2.54E-14
CSF3R	1.980053727	2.002702744	0.064441382	2.62E-35
ATP1A4	1.978758004	1.954896898	0.052595271	3.48E-25
RASSF6	1.970979508	1.981909435	0.073206002	9.25E-36
KRT18P10	1.970234804	1.580707982	0.588448076	4.74E-07
LYPD5	1.962755058	2.251083006	0.354256799	1.43E-07
TEPP	1.958234478	1.798984131	0.067886693	1.83E-12
FABP5P7	1.957360453	2.838533994	7.156452079	0.000152814
SMTNL2	1.945981903	1.653118308	0.084546931	5.81E-05
GBP2	1.915318699	1.965947222	0.100051991	9.75E-22
KRT8P39	1.91397454	2.10460518	0.722792635	7.83E-10
FSCN1	1.907869598	2.711320708	4.546451669	0.000222402
FOSL2	1.882132647	1.684671957	0.366559174	0.000239801
DPP4	1.851117283	1.927192173	0.349185794	9.94E-06
LZTS2	1.843348015	1.970267223	0.946185635	0.000390383
ELF4	1.839815313	2.263309196	0.525158761	1.40E-05
DSC3	1.839483276	1.728739104	0.140125464	8.82E-07
LINC01889	1.81023359	1.816600589	0.045004039	3.29E-43
COL12A1	1.806086498	1.754062297	0.104342369	1.87E-09
KRT18P8	1.798887337	1.58582278	0.403256568	1.97E-09
ZC3H12A	1.797479821	2.255436024	0.830215921	0.000935031
SULT2A1	1.785670332	1.808540646	0.059858977	6.06E-18
CHDH	1.784157735	2.142897343	0.886348088	0.000988962
LINC00668	1.780337485	2.054671436	0.339669765	3.35E-07
BCAR4	1.778037379	1.82411016	0.080525023	1.20E-26
DTX4	1.769009345	1.689846245	0.486326047	0.000519453
KRT18P15	1.761411386	1.495875745	0.532692876	4.05E-07
CCR7	1.755037367	1.762726127	0.044992985	1.50E-41
FABP5P2	1.745454349	2.107732215	1.354580038	3.62E-05
LINC00479	1.744343279	1.789243653	0.083157616	1.27E-20
CBLC	1.717860138	1.768556924	0.5627165	0.000140439
KRT7	1.715791452	1.942702338	0.360295166	8.35E-06
OLFML1	1.707022242	1.725062224	0.09098351	1.21E-19
ACSM3	1.705709763	1.4925961	0.085566264	0.0002793
AL137793.1	1.692915166	1.757697648	0.113100911	1.84E-21
ENG	1.692520553	1.470537793	0.128332355	0.000133526
KRT18P25	1.691547225	1.410972766	0.474021682	4.42E-07
IL6	1.690213104	2.166227525	0.51664138	8.03E-05
ANKRD33B	1.689826878	1.732766026	0.187015732	4.43E-10
NRP1	1.682079971	1.456643459	0.075319726	0.000160212
TMPRSS2	1.681823427	1.964589031	0.439902491	9.40E-05
FTH1P7	1.677848668	0.797090428	5.013583347	0.000117908
IGFBP3	1.673710139	1.665042229	0.116399043	3.12E-09
FTL	1.671657212	1.838272653	9.307787403	1.99E-07
FTH1	1.669012711	1.973505124	7.017848116	1.53E-09
KCTD11	1.660057518	1.613320872	0.150232055	1.98E-07
ELF5	1.650938166	1.676600916	0.059028182	3.33E-24
ATP6V0A4	1.650088107	1.716865096	0.120559692	1.02E-12
PPP1R13L	1.646084262	1.705317444	0.654638264	0.000224786
KIAA0355	1.63617595	1.820441949	0.550102835	8.12E-05
B4GALT1	1.622013241	3.577955072	5.43289013	4.98E-05
FTLP3	1.620359176	1.740663173	6.338124265	1.02E-06
TMEM45B	1.619968051	1.793855497	0.426171437	4.04E-05
PLIN2	1.615935833	3.424094269	6.847701567	0.000189342
JOSD2	1.606511229	2.415016143	1.071665679	0.000668758
AC245041.2	1.603829756	1.802584402	0.228417751	6.61E-10
GHR	1.597441845	1.616963498	0.067072315	2.76E-21
RHOXF1P1	1.593725855	1.810498269	0.277348576	1.39E-07
FTLP2	1.579117596	1.381522944	1.224992159	4.21E-05
ZNF439	1.568419174	1.825431203	0.445471366	0.000701606
SH2B2	1.568342439	1.55503776	0.122738053	6.76E-13
RPS6KA4	1.563556264	2.550291421	1.101288977	0.000235544
KLHL22	1.561763457	1.366972559	0.156972381	0.000258282
SIM2	1.560992307	1.569689508	0.104433962	6.97E-15
AC020928.1	1.541227371	2.151609583	0.697543357	0.000442713
MMP19	1.536690153	1.574290727	0.084930294	9.59E-18
CXCR6	1.531354417	1.523578859	0.038932931	5.44E-24
TMEM125	1.531070616	1.450972049	0.349383311	0.0007881
ST6GALNAC2	1.523154768	1.620226906	0.13244728	1.14E-12
AC004069.1	1.522467224	1.318741266	0.29022791	7.90E-06
SIRPA	1.501514928	1.260152809	0.056954761	0.00023133
ARHGEF17	1.498397202	1.465391256	0.30035975	8.23E-05
LINC00379	1.493225871	1.50223269	0.041382742	4.51E-36
GDPD3	1.483019866	1.238668528	0.219623084	0.000378144
KITLG	1.481876295	1.477078047	0.220920669	0.000249135
PSD4	1.481681493	1.547730229	0.1367732	6.69E-12
CMTM8	1.477290147	1.565438715	0.570078271	0.000323664
PLEK2	1.474702208	1.575260666	0.137125851	4.06E-10
KRT18P28	1.471112031	1.095720428	0.449539805	0.000197335
UCA1_ENSG00000214049	1.458188993	1.58497267	0.17104906	7.09E-08
SNX2	1.447462532	1.749888425	8.838756254	0.000882063
COX20	1.444712605	1.89067031	1.56661958	0.000323319
C1orf105	1.426290405	1.452289612	0.066383768	1.27E-22
SUN2	1.408514665	1.373024844	0.24350992	5.89E-06
KRT18P56	1.402853945	1.174101386	0.43094356	2.92E-06
ADAMTS9	1.386135545	1.294047836	0.083330261	6.08E-06
RPS15AP30	1.383191668	1.192419585	0.084589363	8.58E-05
YAF2	1.382551028	1.642972976	0.54338318	0.000513814
PITX1	1.379406172	1.535333133	0.184721543	1.22E-08
PKM	1.378593527	0.871941662	8.370081732	0.000559532
HSD17B1	1.376204043	1.467047712	0.193307471	5.38E-09
DUBR	1.372663774	1.475857635	0.350819329	0.000597491
UNC93B1	1.371382847	1.622380524	0.505577664	0.000664258
CDX1	1.370167546	1.679254967	0.342362563	0.000140524
AC091799.1	1.365226418	1.234574241	0.218104739	9.84E-08
COL1A1	1.362231664	1.305651986	0.319465637	0.000375281
AC020571.1	1.361207556	1.401324664	0.073927583	2.67E-12
GLIS3	1.359720613	1.338011715	0.055215921	7.93E-13
ART4	1.353604609	1.385695804	0.065785324	4.23E-18
PIK3C2G	1.347917241	1.386705535	0.069133739	1.07E-15
FGG	1.346216319	1.330065369	0.044878936	3.66E-08
CGA	1.345495442	1.327018217	0.03789069	1.64E-14
CRYL1	1.339160414	1.485927499	0.203194194	1.52E-06
DBNDD2	1.332505847	1.251466819	0.18445766	1.33E-07
CPM	1.331110971	1.353441386	0.06246876	2.50E-18
NKX3-1	1.33014895	1.291241226	0.15456747	7.60E-05
CEP170B	1.319555992	1.537324918	0.481830063	0.000227635
KRT8P37	1.318479616	1.37811762	0.273075234	3.27E-12
KRT18P13	1.312351117	1.095106669	0.292118675	3.06E-06
CEBPA	1.309528165	1.5821596	0.32959256	4.27E-06
AC129926.1	1.301238786	1.306652605	0.033830259	9.11E-44
FBXL19-AS1	1.293560447	1.34157075	0.127859581	1.45E-10
KRT18P39	1.280420498	1.163789638	0.285946904	3.18E-09
ANKRD37	1.262892169	1.286797551	0.351813445	7.58E-05
S100A11	1.257411308	1.745678601	7.535408123	7.00E-06
ASCL2	1.254217124	1.306799488	0.124938897	1.82E-10
FGB	1.253474305	1.249577762	0.037973696	9.31E-11
AC005224.4	1.251600489	1.290712904	0.089819613	1.12E-13
IGKC	1.247350555	1.334548115	0.12389588	1.44E-08
AC005046.1	1.235611773	1.332329098	0.238375133	9.44E-07
CCR1	1.234779313	1.237979433	0.03033854	8.68E-35
SEMA7A	1.234765568	1.264969109	0.130930351	2.91E-07
SYTL5	1.230154404	1.224734632	0.058673642	6.87E-10
KRT18P34	1.229450944	1.129481011	0.24909217	2.34E-07
NPNT	1.227479717	1.336553498	0.13687704	3.12E-06
NOS2	1.224761208	1.198143738	0.070483007	1.17E-06
STX11	1.222049722	1.348751858	0.165513913	3.74E-07
SAA1	1.219195496	1.219097173	0.026464004	6.17E-62
MAPK4	1.21606974	1.093660052	0.081825883	0.000156234
ACSL6	1.189429406	1.241891504	0.101641021	3.27E-09
RARRES3	1.188726835	1.332224005	0.191419192	2.13E-06
AC099329.2	1.18551614	1.203162686	0.046188701	3.15E-14
RBP4	1.185505652	1.164062446	0.025651519	1.56E-13
PRLR	1.174162743	1.160732485	0.140573727	1.07E-05
KRT18P16	1.173392409	0.898384339	0.358571691	0.000392505
AC073072.1	1.167390884	1.338270726	0.202886589	5.83E-06
LINC01960	1.159079869	1.177933225	0.042084162	1.01E-22
DLL4	1.153188289	1.255268077	0.145776622	3.07E-06
NPPB	1.150126059	1.159099552	0.057144617	5.86E-13
AC104131.1	1.148377663	1.315668609	0.196576435	2.65E-06
AC015522.1	1.137521855	1.148170645	0.034329865	5.75E-36
AC104118.1	1.13614175	1.138136146	0.157260031	0.000271884
RBBP8NL	1.135586688	1.147148666	0.035027135	9.15E-29
ADAMTSL4	1.118425574	1.319629359	0.303190904	0.000153859
FBXL21	1.112008295	1.18430357	0.126532512	5.03E-06
HHAT	1.110057213	1.118032479	0.113651623	1.13E-07
SLC9A2	1.107720077	1.131893449	0.058479625	5.73E-14
KRT8P5	1.106290012	1.136402264	0.23303428	1.48E-10
PITRM1-AS1	1.105225196	1.110653753	0.057375717	2.96E-16
CYP2F2P	1.104782855	1.276365027	0.310934512	0.000355149
SOS1-IT1	1.092015451	1.201021518	0.236484141	0.000585481
POTEJ	1.088075874	1.140702561	1.329912377	0.000853942
FBXL8	1.087470751	1.229076289	0.179535488	2.14E-06
MTMR10	1.086094459	1.270627927	0.265898286	5.07E-06
AMHR2	1.076035741	1.240277313	0.229897298	0.000292656
SLCO2A1	1.074132037	1.038407871	0.03848747	9.09E-10
FGA	1.072034734	1.077507376	0.032605553	2.36E-10
LINC01949	1.071402324	1.112642495	0.080848602	3.00E-09
APOA2	1.068330026	1.079962073	0.04939144	3.57E-13
CLIC3	1.06774428	1.104558057	0.05840033	7.79E-12
SHROOM1	1.064410294	1.065838996	0.245970412	0.000661621
COL19A1	1.055919625	1.123335582	0.09649624	4.88E-07
TNNT2	1.053912576	0.952105391	0.04938854	0.000113222
DIO2	1.042752382	1.072330804	0.066551918	5.91E-11
AC010186.3	1.038558539	1.156060298	0.188924136	0.000781284
WNT7B	1.038469646	1.048552722	0.031591483	2.89E-27
SPTLC3	1.030940737	1.138014704	0.188367933	0.000133651
IRF8	1.026359291	1.091208645	0.14086418	3.36E-05
KRT8P31	1.025633931	1.043225871	0.321761409	1.26E-07
ANXA8L1	1.019726921	1.09501029	0.109656394	2.37E-09
AL138756.1	1.009709912	1.090347844	0.131291896	8.41E-06
ACTB	1.008688969	1.109101956	11.6756275	4.98E-05
VSTM5	1.00234128	1.004781165	0.08926073	7.50E-06
CLN3	0.982948057	1.330020972	0.418708592	0.000219272
KRT18P48	0.981385513	0.760673392	0.248311448	0.000960321
PID1	0.980463181	1.005043147	0.102714483	5.63E-07
AC009318.2	0.977966612	1.006226725	0.091620226	9.30E-07
SLC16A6	0.976506275	1.103145142	0.237632414	0.000803235
SLC34A2	0.975910586	1.009198839	0.109216752	0.000335672
RASSF7	0.972757511	1.229643166	0.432788623	9.03E-05
KRT8P49	0.970942014	0.977562488	0.117381096	9.38E-16
KCNN4	0.96966335	0.985026058	0.041532491	1.51E-14
TCL6	0.94432632	1.036562712	0.139205437	4.37E-06
LINC01671	0.942955355	0.921150145	0.029249986	1.19E-09
ADGRG6	0.941138161	0.981200148	0.140903274	0.000633046
RN7SL810P	0.940297071	0.940258464	0.020425438	8.74E-48
SEMA3C	0.931133176	0.967551417	0.163877232	0.000754333
CHADL	0.930081191	0.958676454	0.068179214	9.80E-10
LINC02435	0.926924579	1.051524869	0.157956592	1.87E-05
KRT8P11	0.926259199	0.942957133	0.112786347	2.51E-14
MMP1	0.924152179	0.941465277	0.039686194	1.25E-08
GPR78	0.915685246	0.916124918	0.025907255	1.88E-20
CDH24	0.911861703	0.898493606	0.097313521	1.20E-06
AP006248.4	0.9084148	0.920471593	0.046746855	7.57E-10
S100A10	0.89761931	2.920343891	8.494688517	7.65E-05
CDH17	0.886013666	0.869189294	0.02061843	1.80E-07
GATA5	0.884333038	0.922445308	0.068815761	3.33E-08
FOXD2-AS1	0.882351128	0.95982335	0.116815679	3.17E-05
AC127070.3	0.875557823	0.948106817	0.120026511	0.000171902
OR52I2	0.868510592	0.868575396	0.018907191	3.09E-23
ANXA8	0.868271684	0.950250212	0.09591237	4.07E-10
TYMP	0.865100737	1.01377176	0.24966416	0.000642041
LRMDA	0.853534782	0.888230893	0.052884724	4.18E-14
KRT8P13	0.850694508	0.873061615	0.257745457	2.72E-06
AC023905.1	0.844221424	0.893952747	0.071675955	9.17E-10
RARRES1	0.843878267	0.911100898	0.17134964	0.000307136
WNT6	0.835558245	0.870554163	0.054114264	6.17E-08
CNGB1	0.833390074	0.884603511	0.071869845	2.23E-07
TGM1	0.832325485	0.910123426	0.120197843	4.28E-05
OR7E62P	0.829806951	0.834097808	0.021861926	4.99E-21
RN7SL738P	0.81443842	0.846473078	0.074973162	1.49E-07
HAP1	0.812296527	0.962654306	0.190362355	0.00094718
AC010978.1	0.811200639	0.894815048	0.138672256	7.60E-05
C15orf56	0.803316534	0.852654585	0.061760464	6.02E-08
NNMT	0.802659024	0.809834016	0.024427381	2.86E-17
MIR9-3HG	0.800390788	0.835745631	0.05984729	5.09E-08
TBX2	0.799487256	0.833711284	0.060594644	8.45E-09
AC103764.1	0.798188803	0.792229213	0.017280183	4.72E-28
AC079915.1	0.794535156	0.768786831	0.035635779	2.50E-05
GATA3-AS1	0.786734599	0.786793301	0.017126954	2.04E-33
ISL2	0.785650939	0.828204986	0.074415417	2.65E-07
ADCY6	0.784396354	0.762015258	0.05903303	0.000106547
AP000907.4	0.775604289	0.819339107	0.068807926	2.23E-08
SYT16	0.772146237	0.739862036	0.037694305	5.73E-05
PHEX	0.760958501	0.74665376	0.056010013	0.000592758
AC103740.2	0.760474602	0.778562847	0.040008498	1.02E-09
HGD	0.760228192	0.754053513	0.01922023	4.25E-09
LINC02246	0.753758161	0.776025585	0.043066329	7.16E-12
MTTP	0.752084056	0.819255554	0.111690086	0.000589395
CYP2C18	0.749431359	0.809410352	0.075066395	1.93E-05
AC039056.2	0.748416228	0.766067541	0.097225039	8.10E-06
BLNK	0.742378288	0.809670808	0.095393197	3.48E-05
AC073534.1	0.738805615	0.889404977	0.16688585	9.42E-06
SLC39A2	0.737804417	0.746185946	0.024038067	4.55E-10
TRIM34	0.735897772	0.786361401	0.084492534	4.38E-08
JPH2	0.726960731	0.730541794	0.049042424	1.60E-08
AL590666.2	0.725556466	0.672813013	0.015795126	3.73E-05
ACTN1-AS1	0.725476232	0.71981702	0.025073435	1.75E-10
USP46-AS1	0.721042106	0.772761846	0.111519558	0.00023612
AL021407.3	0.716679173	0.726517926	0.028564933	1.62E-14
FLJ42969	0.714502568	0.763836423	0.059805061	3.66E-06
CUBN	0.713466741	0.692863501	0.031456717	2.34E-05
KRT8P7	0.71046547	0.746774338	0.137745142	5.21E-08
LINC01686	0.709500894	0.689967265	0.033980878	4.13E-06
DNAH12	0.709378273	0.715108679	0.036389439	9.00E-12
LINC01716	0.703833083	0.851446949	0.17367636	0.000869457
IP6K3	0.701799103	0.749176628	0.062572466	2.58E-05
EPN3	0.698446238	0.696492339	0.025539824	2.39E-12
EDN1	0.692337783	0.654144395	0.017120971	0.000688547
APBB1IP	0.687279668	0.741177264	0.099870671	0.000205333
AC092427.1	0.686535185	0.687107107	0.076659891	0.000104131
HABP2	0.686026172	0.68607736	0.014934565	2.90E-14
NIM1K	0.680960293	0.684784538	0.027451557	1.56E-13
AC104667.2	0.679227713	0.639403281	0.014786565	9.56E-08
VTN	0.675636226	0.642353405	0.020405663	0.000371763
SLC22A11	0.672290799	0.650337159	0.05795572	0.000577425
AP005062.1	0.667982974	0.715030173	0.071799836	9.80E-07
AF127577.2	0.667299638	0.713591435	0.069143486	3.94E-06
KCNV1	0.663270963	0.721593288	0.082264218	0.000784754
LGALS2	0.659136372	0.640028032	0.014349183	8.39E-08
MAFK	0.657832611	0.716947323	0.09949466	0.000117257
LRRN4	0.656785581	0.660649778	0.034142382	9.69E-08
RGS4	0.655912449	0.647675113	0.021640881	1.14E-06
ZBTB7C	0.655626971	0.711428356	0.086203923	0.000242854
NR2F2-AS1	0.648981551	0.701547958	0.066301823	2.77E-07
KRT8P9	0.648611174	0.70380953	0.179517509	0.000464499
PHACTR2-AS1	0.647216974	0.630427304	0.021035931	5.23E-07
BIN2P1	0.647190279	0.723637066	0.105477322	1.12E-08
AC000123.1	0.644636232	0.640342706	0.023774367	1.76E-08
AC120498.4	0.640426617	0.656897109	0.02875386	2.00E-15
KRT8P21	0.63791181	0.609377005	0.042625354	2.89E-11
AP001630.1	0.630413799	0.631352498	0.015334203	5.94E-23
SYNE3	0.628542677	0.662577069	0.086637494	6.09E-05
PLA2G12B	0.620976087	0.615914746	0.013518446	4.02E-09
TRIM55	0.611739882	0.635720079	0.068481697	0.000767752
LINC00276	0.607449849	0.609293829	0.023582588	5.79E-09
CREB3L3	0.605485743	0.609624116	0.016856636	4.68E-11
FABP1	0.600478491	0.603605433	0.015839769	2.19E-11
SLC39A5	0.599522415	0.602378457	0.02022257	6.86E-10
ANKRD22	0.594086286	0.594130614	0.012933064	6.25E-12
AC130456.2	0.588938228	0.684317207	0.102273449	0.000258519
AL139260.1	0.587728034	0.613188791	0.104287892	0.000348129
MEP1A	0.586101515	0.607118052	0.031604829	2.47E-06
SHH	0.585645356	0.587487451	0.015997135	1.26E-11
ANKRD20A19P	0.58280214	0.600034639	0.028121976	2.06E-08
OR7E91P	0.582748693	0.595358524	0.023969974	5.23E-12
KRT8P48	0.580621025	0.572906501	0.113832956	2.28E-06
LAMB4	0.57773437	0.6327225	0.06191398	0.00016386
AC092620.2	0.573912429	0.564296328	0.047221877	0.000141543
AC005176.1	0.572961014	0.581067281	0.019713662	7.39E-14
RNU2-51P	0.572557884	0.54998435	0.012464397	1.68E-05
AL158839.1	0.572481449	0.609018894	0.079415889	0.00013333
ZNF804A	0.568344219	0.578602006	0.022054819	2.92E-08
CARD14	0.566327547	0.593411033	0.055979765	8.63E-06
AL021328.1	0.566324893	0.574345679	0.022142959	6.88E-13
LINC00326	0.566181669	0.578476431	0.025925697	1.50E-08
GUCY1A3	0.565080103	0.554950381	0.022099231	1.17E-07
AGT	0.564935619	0.558570569	0.032510624	0.00051856
SLC8A1-AS1	0.56135208	0.568580058	0.057704583	0.000138652
SCGN	0.5602312	0.558726987	0.017842096	9.50E-10
DPF3	0.55852906	0.634870389	0.090460835	0.00069744
AC010328.1	0.554988797	0.566527041	0.028040159	3.70E-10
U3_ENSG00000238297	0.554980563	0.546889207	0.027553583	3.46E-06
FAT2	0.554310837	0.571891173	0.039089472	3.41E-06
IL36RN	0.550458243	0.553951486	0.018468867	2.19E-09
CPN1	0.541046029	0.546493758	0.02674887	6.08E-07
PTK6	0.540273181	0.54346272	0.017098648	9.00E-11
FOXA1	0.538684848	0.52772416	0.017373875	6.25E-05
MYL3	0.538534978	0.561619668	0.057672168	0.000520108
LUM	0.537992731	0.538032873	0.011711925	6.25E-12
AC092746.1	0.537961004	0.539472631	0.014368677	2.38E-11
PLEKHN1	0.535902047	0.540800596	0.017418227	1.50E-11
FIGNL2	0.535214388	0.525890927	0.036467328	1.44E-06
PRSS51	0.53430458	0.538566145	0.024883549	7.28E-12
AC000123.2	0.533707369	0.544525361	0.021296698	7.17E-14
Z83851.2	0.533188759	0.580011208	0.078878771	0.000456183
GJB1	0.531899064	0.534742007	0.015150795	6.82E-11
TAC4	0.52717698	0.527875802	0.026676515	2.12E-05
MYCNUT	0.521297618	0.509976802	0.011276901	6.61E-10
RPRML	0.52095315	0.503820702	0.024220689	1.44E-08
ENDOU	0.515145241	0.526218607	0.024236456	2.47E-08
KRT8P14	0.513055536	0.490910082	0.160836541	0.000321718
AREG	0.50970668	0.521220359	0.021400498	5.39E-08
AL606970.1	0.509372544	0.516005827	0.017010983	1.96E-09
TMPRSS11BNL	0.509296185	0.528952879	0.028875198	1.26E-05
SLC30A10	0.508026876	0.527221989	0.048154039	0.000113659
SOWAHB	0.505905965	0.497584508	0.014219918	1.92E-13
AC087477.2	0.50113591	0.511422633	0.020681684	4.11E-07
AC027117.1	0.500895011	0.538032873	0.044218034	0.000510045
AC005224.3	0.498967682	0.511356249	0.021953023	5.20E-08
TTR	0.498700496	0.496271643	0.016513561	3.40E-08
LIX1	0.494880472	0.487772351	0.018659334	5.42E-05
CCR3	0.494459172	0.519374093	0.051233606	3.55E-05
CTSE	0.493225786	0.485029236	0.010737364	2.15E-08
FFAR4	0.486852112	0.482100141	0.014395911	6.71E-08
CD244	0.483967391	0.505037756	0.02942314	5.96E-05
LBX2	0.482646797	0.522148563	0.05415498	7.18E-05
DRD2	0.481739674	0.499768565	0.031375131	2.04E-05
AL357094.1	0.480171155	0.47988811	0.010322647	2.58E-12
LINC01099	0.479789761	0.476891624	0.010444866	1.47E-11
AP006248.2	0.479583768	0.483557598	0.013976478	1.24E-17
AL049781.1	0.479029573	0.491569562	0.021656279	3.92E-06
IL27	0.476313025	0.491117379	0.023630568	5.80E-08
AC117503.4	0.475202891	0.50607006	0.045887981	8.25E-05
GABRR2	0.474587031	0.479825561	0.01500365	5.43E-10
OVCH2	0.474559418	0.487164959	0.03284726	5.01E-06
ERVV-1	0.474233827	0.51297158	0.061464868	0.000304722
FLJ30679	0.473458715	0.473800926	0.026091773	4.55E-06
AKR1D1	0.47293447	0.468700011	0.011789824	2.96E-10
AKR1B10	0.470730863	0.473797129	0.012969416	3.99E-11
AF241728.1	0.470197355	0.470232439	0.010236042	6.25E-12
AL136968.1	0.468360845	0.479376834	0.020459217	1.75E-06
IBSP	0.467680648	0.470880769	0.017563458	3.85E-08
KRT8P24	0.467191148	0.447031431	0.136522419	0.000238955
AC007494.1	0.466237781	0.462075071	0.046085834	0.000928806
MYL4	0.46316417	0.504184056	0.050581085	0.000209583
LINC01996	0.460924624	0.509236721	0.057136607	0.000957266
AC027228.1	0.460126678	0.477047432	0.029518057	4.60E-05
TSPAN8	0.455452887	0.474233014	0.044394044	0.00092654
CD180	0.454806762	0.484693181	0.036863858	0.000139945
AL137141.1	0.45392894	0.449828351	0.009881884	2.27E-09
MTND1P29	0.45392894	0.437369695	0.009881884	0.000300882
AC103881.1	0.453018254	0.491117379	0.044042129	0.000364475
AC245041.1	0.450588871	0.498275737	0.055768699	0.000853587
MBOAT4	0.450442501	0.5001766	0.057616147	0.000770884
AC023469.2	0.450078791	0.451632858	0.012543994	4.37E-11
AC010776.2	0.448536322	0.444041758	0.009764489	1.52E-18
TMEM247_ENSG00000284701	0.446267458	0.469474504	0.036089463	7.14E-08
BTN1A1	0.445346741	0.466216458	0.041624291	0.000137301
INSL4	0.444229622	0.444262768	0.009670733	6.25E-12
AC094019.1	0.444017639	0.452494119	0.019664378	1.65E-08
AC245100.6	0.442932422	0.438393002	0.013763987	4.81E-08
AC013452.1	0.43804623	0.442587309	0.025313239	1.31E-09
OR5P1P	0.437556602	0.446312116	0.029770583	6.29E-07
AL358075.1	0.437145482	0.44140704	0.013313814	9.22E-18
AC019070.1	0.437105798	0.419686822	0.009396834	0.00060361
AP000924.1	0.434609575	0.444888974	0.034264652	8.54E-05
IZUMO3	0.433785349	0.435705682	0.015789408	1.23E-06
AL049552.1	0.431235738	0.420655828	0.028811019	0.000811732
SLC2A2	0.431199689	0.436617592	0.014223094	1.45E-09
LINC01468	0.429209961	0.422348999	0.012511349	6.64E-07
Y_RNA_ENSG00000207105	0.428947758	0.423896561	0.009221454	5.41E-08
HIST1H4B	0.427798271	0.408836587	0.029044303	0.00022663
AL161668.3	0.426480441	0.409522035	0.009284339	6.88E-06
LINC02413	0.425867309	0.425899085	0.009270992	6.25E-12
RELN	0.425768248	0.442886794	0.032182597	5.75E-05
AL024508.2	0.425490358	0.424153715	0.022911586	0.000293189
AC074367.1	0.425087628	0.441327344	0.041639487	0.000261734
KRT8P8	0.424463181	0.42688686	0.074123373	7.80E-05
EXOC3L4	0.422058392	0.425899085	0.016067323	5.18E-08
EPS8L3	0.416800828	0.425899085	0.017215308	1.09E-08
RPL23AP68	0.415393522	0.419194761	0.012428404	1.70E-10
MBL2	0.410843173	0.403071393	0.013826851	1.27E-06
TRPV6	0.408932021	0.397397227	0.018596459	6.06E-07
CCDC54	0.407325435	0.419194761	0.019497898	1.40E-05
SLC7A13	0.406797304	0.414731006	0.016087164	1.35E-07
LEP	0.405744719	0.405774993	0.008832929	6.25E-12
UGT2B4	0.40484719	0.41421089	0.019080708	2.65E-07
RGN	0.404576623	0.406234968	0.027926514	0.000816606
CLVS1	0.402532851	0.408298299	0.031418058	0.000828669
CYP1A1	0.401706477	0.394577834	0.021832692	0.000409254
RN7SL650P	0.399485972	0.395402326	0.030710517	0.000269746
SCO2_ENSG00000284194	0.397664432	0.446719664	0.067427373	0.000475151
OR7E85P	0.393620496	0.401965908	0.021724204	2.14E-06
AL096869.2	0.392556549	0.385496743	0.032388397	0.000209381
SIGLEC6	0.391461752	0.391230998	0.008415586	2.58E-12
KRT8P2	0.386367018	0.390522104	0.067020159	3.28E-05
FMOD	0.386365723	0.395221195	0.016336781	7.92E-07
AGR2	0.385868119	0.393584306	0.018599092	4.48E-07
AC002540.1	0.38455111	0.391384882	0.020661227	0.000135873
MIR589	0.384525755	0.429024866	0.050364442	0.000133131
MIR548AG1	0.382799415	0.382573767	0.008229364	2.58E-12
CARD18	0.380107395	0.380533725	0.011325518	8.51E-09
SYPL1P2	0.378947506	0.37765744	0.016094684	2.18E-05
TMPRSS11F	0.377955826	0.382573767	0.016871884	1.77E-07
AC024337.1	0.376956644	0.37698477	0.008206222	6.25E-12
SEC63P2	0.37376712	0.381549584	0.022014648	0.000157062
AC020658.6	0.373265463	0.373293314	0.008125867	1.55E-22
PDCD1LG2	0.3725365	0.386745443	0.024134196	1.43E-05
AL162727.1	0.372340407	0.360036539	0.011503008	0.000280398
ALOXE3	0.371805592	0.378236283	0.029094793	0.000896097
MBNL1-AS1	0.371532435	0.372630295	0.019317009	2.47E-06
PERM1	0.37031378	0.370341411	0.00806161	4.18E-22
AC092634.3	0.369779066	0.37698477	0.017287012	1.84E-07
AC067931.3	0.369762668	0.379620415	0.017641728	2.16E-07
AP001207.3	0.36938367	0.37698477	0.014841884	2.20E-07
AC019117.1	0.368083092	0.367187032	0.022448475	4.57E-05
AP006248.3	0.367509689	0.367537111	0.008000565	6.25E-12
AP000290.1	0.366428426	0.366212429	0.007877423	2.58E-12
ADGRF4	0.366218997	0.383533236	0.023494939	7.26E-05
SNORA26_ENSG00000212624	0.365083486	0.365110726	0.007947748	6.25E-12
LHB	0.363047367	0.383319806	0.026082369	2.57E-05
SLC17A4	0.361311866	0.370924249	0.01773693	3.54E-08
SEMA5A-AS1	0.360764627	0.347487109	0.007853728	0.000175424
AL359643.2	0.359999588	0.369750885	0.026960012	0.000410672
ZG16	0.357262097	0.368653385	0.022478416	2.04E-05
APOC3	0.357209913	0.357236567	0.007776343	6.25E-12
HS3ST4	0.357209913	0.33276096	0.007776343	0.000440282
NOTUM	0.356798249	0.382573767	0.031012347	0.000119303
AL121578.1	0.355153923	0.317797578	0.011444891	0.000991826
AC018541.1	0.349825548	0.339187848	0.009664593	0.000107441
BHLHA15	0.348703699	0.352127197	0.01064187	2.54E-10
KRT18P37	0.344864414	0.332502298	0.032509239	3.19E-06
AC022809.1	0.343566701	0.343009759	0.007424457	1.70E-23
AC108112.1	0.34295484	0.342980429	0.007466014	6.25E-12
ACY3	0.342242673	0.333420476	0.007450511	5.13E-06
KCTD9P1	0.341413817	0.360466508	0.060929315	0.000212326
AC011944.1	0.339390687	0.335725123	0.008651391	4.42E-14
KRT8P20	0.336827125	0.336926412	0.057693381	6.73E-05
AL691403.2	0.335476109	0.338895082	0.01490816	2.90E-08
SLC51B	0.334619389	0.34226821	0.017415406	2.29E-06
HLA-DRB6	0.334432556	0.322248409	0.008607823	2.25E-07
LINC01451	0.333247178	0.333272043	0.007254682	6.25E-12
AL731684.1	0.332073901	0.334494253	0.012816421	1.29E-08
PPP1R42	0.328045013	0.321064633	0.016367653	0.000102289
AC124861.1	0.326813585	0.32683797	0.007114625	1.89E-21
PSAPL1	0.325730253	0.322176174	0.007091041	5.22E-07
AP002761.4	0.323669325	0.31407823	0.008896886	0.000682909
LINC00923	0.322727328	0.31908655	0.00851368	1.92E-14
AL512506.3	0.321671545	0.339163049	0.02587861	0.000841504
HNF1A-AS1	0.32138618	0.325305831	0.014842263	6.31E-06
AC099684.2	0.320939474	0.325754558	0.011288861	7.12E-09
IYD	0.320298348	0.320173992	0.013429894	2.91E-08
MIR1323	0.319510378	0.354030391	0.053308784	0.000557694
RN7SKP66	0.319473196	0.319497034	0.006954827	6.26E-12
SAA2	0.318038797	0.317851324	0.00683715	2.58E-12
LINC00616	0.31746107	0.335801295	0.029050904	0.000192189
XCR1	0.317012198	0.315526316	0.012199783	3.33E-06
SLC36A3	0.315065214	0.325754558	0.016436061	2.02E-06
AL157392.5	0.313056874	0.342623864	0.039428114	0.000382873
Y_RNA_ENSG00000199875	0.311135654	0.308989203	0.020225831	0.000244902
EGLN3-AS1	0.309467815	0.319497034	0.015721835	2.84E-06
FTH1P24	0.309069926	0.324349217	0.026804008	0.000721093
AC103858.1	0.308157403	0.308180396	0.006708486	6.26E-12
EI24P1	0.307988473	0.321595677	0.028511228	4.73E-07
AC068700.1	0.307769448	0.307588028	0.006616381	2.58E-12
HMGB1P16	0.304213393	0.289817973	0.021387648	0.00075249
KRT73-AS1	0.303971977	0.30836616	0.015644114	9.94E-07
PPY	0.303519771	0.304327071	0.008024575	2.09E-11
VN1R42P	0.303044533	0.304440293	0.019287987	0.000790518
KARSP2	0.301676104	0.307339421	0.014297376	4.12E-07
HOXC6	0.301471206	0.298237793	0.014925797	2.77E-05
AC133552.5	0.299996836	0.30001922	0.006530833	6.26E-12
LYPD2	0.299105745	0.308180396	0.014639813	2.24E-05
KLRK1	0.298269346	0.304327071	0.011912666	1.89E-07
AGR3	0.297856884	0.296137496	0.014978963	0.000292026
LINC01055	0.296869386	0.298998385	0.010267624	4.31E-09
AC114488.1	0.295779329	0.305440338	0.015094131	8.84E-06
SECTM1	0.295258506	0.311887693	0.021339777	0.000478327
SNORD3B-2	0.294971737	0.296616273	0.042695881	0.00064353
MESP1	0.294620716	0.293810428	0.021341743	0.000138053
VPS13A-AS1	0.293794387	0.319497034	0.030331599	0.000391718
BANF1P1	0.292967898	0.302064185	0.027399743	1.42E-05
AL392046.2	0.292184668	0.296160012	0.011853144	1.46E-08
AL357060.1	0.290941118	0.296160012	0.011000412	4.59E-08
AL160411.1	0.290936965	0.295853098	0.010728462	2.40E-08
AC115522.1	0.289775173	0.303647139	0.021492814	8.80E-05
KRT8P18	0.28960394	0.288809009	0.048118892	0.000605037
AC069366.2	0.289192016	0.298998385	0.015081691	1.88E-06
RNU6ATAC18P	0.289060808	0.288890416	0.006214186	2.58E-12
RNA5SP37	0.288614997	0.288636532	0.006283054	9.44E-24
MIR7851	0.288226708	0.30426545	0.025502457	3.90E-05
HMGCS2	0.286505844	0.286527221	0.006237138	6.26E-12
CLDN8	0.285289702	0.286003428	0.007666224	3.81E-17
ADAMTS9-AS1	0.284827332	0.298367476	0.018906156	0.00038641
AC145423.2	0.284520082	0.291656821	0.028271248	0.000291567
CEACAM5	0.283489976	0.280943509	0.009495974	1.40E-07
NUDT19P5	0.279709206	0.287199879	0.019579316	0.000875472
TCN1	0.278635015	0.286527221	0.013133789	1.00E-05
SLC25A41	0.278392459	0.280851364	0.013840186	7.35E-06
AC243772.2	0.276684137	0.287199879	0.015447207	0.000258613
LGALS16	0.275165996	0.287199879	0.020885669	0.000871388
AL353706.1	0.272809433	0.280762134	0.020524998	0.000181661
PGLYRP4	0.271497752	0.26982965	0.007478137	2.91E-06
AC108058.1	0.271032842	0.27653976	0.010916759	2.18E-07
AL445430.2	0.269706522	0.269726646	0.005871423	6.26E-12
RN7SL5P	0.268649054	0.259233882	0.024625852	6.01E-05
IFNL3P1	0.266034202	0.261124961	0.005791477	7.49E-08
AC032019.1	0.265837355	0.262369948	0.0092617	0.00066217
AC099542.1	0.265477897	0.269726646	0.009576667	1.36E-08
TPMTP2	0.264542125	0.254265005	0.025548871	0.000411998
EIF4EP4	0.26332446	0.263169239	0.00566091	2.58E-12
XAGE3	0.262598258	0.269726646	0.012099892	6.06E-06
AC062021.1	0.262579603	0.262599195	0.005716272	6.26E-12
AC092813.1	0.262579603	0.262599195	0.005716272	6.26E-12
AC093904.2	0.262579603	0.262599195	0.005716272	6.26E-12
AC244157.2	0.262579603	0.262599195	0.005716272	6.26E-12
LINC01007	0.262579603	0.262599195	0.005716272	6.26E-12
TM4SF5	0.262579603	0.262599195	0.005716272	6.26E-12
AC023886.1	0.262083498	0.266054052	0.0092532	7.84E-09
AC025040.1	0.261936961	0.269726646	0.01267934	1.77E-05
HTR2A	0.257973158	0.257992406	0.005615991	6.26E-12
SRRM1P2	0.257973158	0.252291014	0.005615991	6.91E-07
URAD	0.257848776	0.262599195	0.009861561	6.17E-08
RNA5SP145	0.256925605	0.269342022	0.019015102	8.24E-05
OR7E47P_ENSG00000257542	0.255935612	0.259227252	0.014640158	0.000382659
SNORA7_ENSG00000206913	0.255757894	0.262060447	0.011693653	2.47E-07
AC124067.2	0.25571078	0.262599195	0.011734936	1.36E-07
AC092800.1	0.25543222	0.25799814	0.010160196	1.63E-07
Y_RNA_ENSG00000207286	0.2530425	0.262599195	0.01407296	7.24E-06
AC009145.4	0.250431901	0.253600271	0.011375361	3.62E-06
AC067817.1	0.249598921	0.25799814	0.012958891	7.17E-05
HSD3BP2	0.248146858	0.248137868	0.005390817	1.62E-28
Y_RNA_ENSG00000207416	0.245483413	0.25799814	0.01656502	0.000182608
AC079070.1	0.243573999	0.24343042	0.005236317	2.58E-12
AL160175.1	0.243347893	0.24336605	0.005297604	6.26E-12
MTND4P21	0.243347893	0.24336605	0.005297604	6.26E-12
RN7SKP40	0.243347893	0.24336605	0.005297604	6.26E-12
AC099804.1	0.243347893	0.232010954	0.005297604	0.000186915
DOCK9-AS1	0.243166708	0.245522451	0.016653715	0.000321319
AP000146.1	0.241103673	0.241121663	0.005248748	6.26E-12
RNF157-AS1	0.241103673	0.237596974	0.005248748	1.92E-05
MIR561	0.236749265	0.248595135	0.0191556	0.000443528
AL080316.1	0.235867746	0.242605225	0.013180387	1.38E-05
UGT2B24P	0.235726888	0.24343042	0.012112185	6.01E-05
TNR-IT1	0.235666106	0.240634007	0.010013304	8.94E-07
FAM172BP	0.234437807	0.2344553	0.005103634	6.26E-12
TRAV38-2DV8	0.234437807	0.2344553	0.005103634	6.26E-12
ASGR2	0.234437807	0.228179352	0.005103634	3.30E-06
PNOC	0.233906264	0.2344553	0.006052079	1.63E-11
HNF1A	0.232995742	0.234006793	0.007676742	1.30E-09
LINC02313	0.232896073	0.228924516	0.005070071	2.90E-08
AP000857.1	0.232716311	0.231912286	0.0050029	4.37E-12
AC093904.4	0.232643888	0.2344553	0.006675519	7.76E-11
RNA5SP465	0.232550864	0.237264878	0.01274297	0.000188961
LIPC	0.230172755	0.2344553	0.008840797	6.90E-08
AP002800.1	0.229659975	0.2344553	0.009290111	2.61E-07
AL358216.1	0.229098409	0.229115503	0.004987397	7.17E-20
AC011243.1	0.228916634	0.228933715	0.00498344	6.26E-12
AP005202.2	0.228916634	0.228933715	0.00498344	6.26E-12
MIR4722	0.228916634	0.228933715	0.00498344	6.26E-12
U8_ENSG00000202537	0.228916634	0.228933715	0.00498344	6.26E-12
VDAC2P2	0.228916634	0.228933715	0.00498344	6.26E-12
KRT18P43	0.228916634	0.224321066	0.00498344	9.20E-09
LINC00384	0.228916634	0.225068821	0.00498344	2.45E-08
AC005387.1	0.228916634	0.224178326	0.00498344	9.32E-08
CIR1P3	0.227446525	0.228337301	0.010575005	1.94E-07
PM20D1	0.2272526	0.231157606	0.017385464	0.000369756
AC087897.2	0.227001973	0.226868163	0.004880054	2.58E-12
U6_ENSG00000283418	0.225267084	0.228933715	0.008181283	1.62E-08
RNA5SP469	0.22468801	0.221252289	0.008688685	4.54E-05
ACA64_ENSG00000238685	0.224194697	0.228933715	0.00912094	3.02E-07
C6orf222	0.224089683	0.227591036	0.015060071	0.000821834
AC016912.1	0.223516051	0.232951685	0.015699977	3.72E-07
NADK2-AS1	0.223215776	0.2344553	0.014936706	0.000351908
AC090857.2	0.223181333	0.220691107	0.010008879	0.000256514
WDFY3-AS1	0.222628226	0.228933715	0.012611689	1.08E-06
RNA5SP237	0.222237506	0.222254088	0.004838038	6.26E-12
HMGN1P2	0.221403082	0.23291345	0.015140566	0.000245804
Z98751.2	0.221107514	0.227085697	0.013807726	4.57E-07
AC012409.1	0.218997631	0.219013972	0.004767507	6.26E-12
AC107398.2	0.218997631	0.219013972	0.004767507	6.26E-12
HNRNPA3P16	0.218997631	0.219013972	0.004767507	6.26E-12
AC002480.1	0.218997631	0.213461621	0.004767507	4.01E-06
AC027801.4	0.218997631	0.215367053	0.004767507	8.85E-05
AC063919.1	0.218997631	0.211755794	0.004767507	0.000103235
MIR579	0.218882558	0.228933715	0.013775591	0.000439469
AC092634.5	0.217890923	0.220840539	0.015234041	0.000210847
MIR515-2	0.215576729	0.228933715	0.019992173	0.000409881
VAX2	0.21328298	0.229115503	0.01884534	0.000503564
SDHD_ENSG00000255292	0.212151777	0.224433814	0.027698248	0.000857148
MIR320A	0.211317943	0.207830675	0.00848175	0.000414784
AC015923.1	0.210736026	0.222254088	0.015602695	0.000260004
AL139317.4	0.210273155	0.214804277	0.008701869	4.41E-07
SYT8	0.20858408	0.220948489	0.015700965	0.000750496
AC087857.1	0.208559243	0.208574805	0.004540266	6.26E-12
APOA4	0.208294084	0.208309626	0.004534494	6.26E-12
MIR450A1	0.208294084	0.208309626	0.004534494	6.26E-12
MIR450B	0.208294084	0.208309626	0.004534494	6.26E-12
ZNF705G	0.206891444	0.201915036	0.007037255	3.80E-07
AC132068.1	0.205288084	0.208574805	0.007952344	4.97E-09
CR769775.4	0.20188823	0.197127606	0.004340163	9.71E-07
AP006295.1	0.200846969	0.200861955	0.004372373	6.26E-12
LINC00644	0.200846969	0.200861955	0.004372373	6.26E-12
RNU7-96P	0.200846969	0.200861955	0.004372373	6.26E-12
AC091946.1	0.200270434	0.200285377	0.004359822	6.26E-12
ALOX5AP	0.200270434	0.200285377	0.004359822	6.26E-12
AP002802.1	0.200270434	0.200285377	0.004359822	6.26E-12
RN7SL272P	0.200270434	0.200285377	0.004359822	6.26E-12
AC013553.1	0.198770894	0.195618928	0.01397397	5.94E-05
AL513303.1	0.196618344	0.198669111	0.008077617	4.82E-07
AC073346.1	0.195810412	0.200861955	0.008785551	3.29E-06
SNORD42B	0.195348708	0.207063922	0.016361126	1.48E-05
RN7SKP217	0.19486476	0.200285377	0.009096431	8.10E-06
CDHR5	0.194301481	0.200285377	0.009589993	2.66E-05
MRGPRX2	0.192613323	0.199257157	0.011586934	3.43E-05
BEND3P3	0.191610557	0.186166316	0.014106989	0.000336611
AC092431.1	0.185661442	0.185675295	0.004041789	6.26E-12
RNU6-593P	0.185661442	0.185675295	0.004041789	6.26E-12
CES1	0.185661442	0.184890695	0.004041789	5.29E-11
RETNLB	0.182639022	0.186872791	0.008472856	7.05E-06
AC005840.3	0.181339135	0.184113515	0.007829121	1.32E-06
AL445430.1	0.180116746	0.180010573	0.003872123	2.58E-12
OLA1P3	0.178822913	0.185675295	0.010033908	0.000280884
LINC01289	0.176360363	0.177877808	0.007587453	8.71E-08
AL049536.1	0.176150619	0.176163763	0.003834741	6.26E-12
SNORD88A	0.175087849	0.181112009	0.014682631	0.000572533
PRSS29P	0.173347567	0.1725225	0.013767874	0.000259824
AC091768.1	0.173320594	0.176163763	0.006314492	1.76E-08
AP001825.1	0.172157408	0.172055927	0.003701014	2.58E-12
RN7SKP199	0.172157408	0.172055927	0.003701014	2.58E-12
SNORA51_ENSG00000207171	0.172157408	0.169331049	0.003701014	8.33E-09
AC129492.2	0.161908392	0.161920473	0.003524693	8.00E-23
AL121900.1	0.160191704	0.164060564	0.006950562	1.49E-06
AL080312.1	0.159780394	0.15890013	0.003467108	8.61E-15
AC243654.2	0.158700245	0.162537119	0.010126608	1.49E-05
SMARCA5-AS1	0.158161477	0.161890398	0.008450298	0.000124483
HSD3BP1	0.157904406	0.157901559	0.003431539	1.66E-15
AC109361.2	0.156773919	0.156785617	0.003412917	6.27E-12
AL512638.2	0.156773919	0.156785617	0.003412917	6.27E-12
CNTN4-AS1	0.156773919	0.156785617	0.003412917	6.27E-12
LINC02005	0.156773919	0.156785617	0.003412917	6.27E-12
NAT8B	0.156773919	0.156785617	0.003412917	6.27E-12
PHGR1	0.156773919	0.156785617	0.003412917	6.27E-12
SPRR3	0.156773919	0.156785617	0.003412917	6.27E-12
PTPRVP	0.156773919	0.151969928	0.003412917	4.28E-05
AL109936.2	0.154902818	0.156785617	0.006751563	1.62E-06
AC022398.1	0.154424502	0.156785617	0.005471545	8.59E-09
HOXB-AS3	0.153743003	0.156785617	0.006068694	1.40E-07
AC005281.1	0.15268103	0.156785617	0.006999226	5.40E-06
AL049869.4	0.152462754	0.154479566	0.008962431	4.49E-07
AC007378.1	0.146936526	0.14694749	0.00319876	6.27E-12
AC063947.1	0.146936526	0.14694749	0.00319876	6.27E-12
LPCAT2BP	0.146936526	0.14694749	0.00319876	6.27E-12
RPL38P1	0.146936526	0.14694749	0.00319876	6.27E-12
SIRPB2	0.146936526	0.14694749	0.00319876	6.27E-12
TRAV8-2	0.146936526	0.14694749	0.00319876	6.27E-12
AC010096.1	0.145625956	0.145540114	0.003130645	2.58E-12
AL354936.1	0.145625956	0.144962885	0.003130645	1.60E-11
AL356121.1	0.144348829	0.144359599	0.003142427	6.27E-12
AC011525.1	0.144348829	0.139639741	0.003142427	8.85E-05
GJA9	0.144348829	0.141668921	0.003142427	0.000300455
LINC01925	0.141678471	0.141689042	0.003084294	6.27E-12
MC2R	0.141678471	0.141689042	0.003084294	6.27E-12
AC106037.1	0.141678471	0.140467654	0.003084294	2.59E-08
COX5BP1	0.141638706	0.141950673	0.007978157	1.12E-07
MIR7856	0.141362043	0.144164233	0.007939016	6.33E-06
SNORA26_ENSG00000252236	0.140124904	0.138376569	0.005856356	1.42E-06
AP000688.4	0.138036052	0.137106096	0.008673867	0.000272833
AL359258.1	0.137723647	0.144359599	0.011115302	0.000218461
MIR3680-1	0.137449846	0.141689042	0.006789539	2.70E-05
AC020917.2	0.136967052	0.139571977	0.009610556	0.000357099
AL512631.2	0.13683446	0.141689042	0.007328758	0.000126865
MGP	0.135885094	0.141689042	0.00816062	0.000795137
AC090138.1	0.135875973	0.135886112	0.002957975	6.27E-12
AL023773.1	0.135875973	0.135886112	0.002957975	6.27E-12
FTX_1	0.135875973	0.135886112	0.002957975	6.27E-12
MIR5003	0.135875973	0.135886112	0.002957975	6.27E-12
KRT8P6	0.135875973	0.133126943	0.002957975	2.35E-07
CYP17A1	0.135720658	0.135640655	0.002917702	2.58E-12
HMGN1P14	0.135314978	0.131220189	0.003958971	0.000153445
LINC00993	0.133360778	0.135640655	0.004985499	3.00E-08
OR52R1	0.133271247	0.135640655	0.005063948	4.64E-08
AC003002.3	0.132953311	0.134513295	0.007855538	0.000606052
RBM22P4	0.132586368	0.135886112	0.005840424	2.14E-06
AC010975.1	0.130700924	0.128838563	0.007492505	0.00040346
AL139400.1	0.130524669	0.133582563	0.017413119	0.000340565
LINC02143	0.12517046	0.125096676	0.002690896	2.59E-12
AC044810.2	0.12326661	0.117413081	0.003603244	0.000769018
AC009229.2	0.122266894	0.124467586	0.005235085	1.04E-06
CTD-2194D22.4	0.119632116	0.124202343	0.008367699	2.15E-05
PLEK	0.119350467	0.125096676	0.007790543	9.65E-05
WNT5A-AS1	0.118886739	0.118880981	0.002582137	7.25E-17
RNU6-16P	0.118362092	0.118370923	0.002576704	6.28E-12
RNU6-47P	0.117150939	0.118370923	0.004737789	2.50E-07
SRGAP2-AS1	0.116936517	0.118370923	0.005120388	1.82E-06
MIR2276	0.114505471	0.118370923	0.005955988	7.43E-05
AC104164.2	0.113642808	0.114000088	0.007380697	0.000230731
AC121758.3	0.111173335	0.11118163	0.002420207	6.28E-12
AL135901.1	0.111173335	0.11118163	0.002420207	6.28E-12
AL450469.1	0.111173335	0.11118163	0.002420207	6.28E-12
NCF4	0.111173335	0.11118163	0.002420207	6.28E-12
SNORD38_ENSG00000252408	0.111173335	0.11118163	0.002420207	6.28E-12
AC126177.1	0.111173335	0.110733123	0.002420207	4.15E-11
AC019209.1	0.102179272	0.102186896	0.002224409	6.29E-12
AL033523.1	0.102179272	0.102186896	0.002224409	6.29E-12
FAM204CP	0.102179272	0.102186896	0.002224409	6.29E-12
OR5M7P	0.102179272	0.102186896	0.002224409	6.29E-12
RN7SKP111	0.102179272	0.102186896	0.002224409	6.29E-12
RNU6-597P	0.102179272	0.102186896	0.002224409	6.29E-12
RNU6-996P	0.102179272	0.102186896	0.002224409	6.29E-12
SNORA40_ENSG00000212149	0.102179272	0.101738389	0.002224409	6.55E-11
AC040170.1	0.101755727	0.101695746	0.002187529	2.59E-12
AL353729.2	0.101755727	0.101695746	0.002187529	2.59E-12
MIR1283-1	0.100860097	0.102186896	0.00457824	4.26E-06
AL359736.1	0.099829855	0.102186896	0.004283037	1.13E-06
AC024563.2	0.096858307	0.096865534	0.002108574	6.29E-12
AC073413.1	0.096858307	0.096865534	0.002108574	6.29E-12
AC139530.2	0.096858307	0.096865534	0.002108574	6.29E-12
AL627230.7	0.096858307	0.096865534	0.002108574	6.29E-12
AP000439.2	0.096858307	0.096865534	0.002108574	6.29E-12
CASK-AS1	0.096858307	0.096865534	0.002108574	6.29E-12
GCOM1	0.096858307	0.096865534	0.002108574	6.29E-12
HOTTIP	0.096858307	0.096865534	0.002108574	6.29E-12
HOXA6	0.096858307	0.096865534	0.002108574	6.29E-12
RN7SL44P	0.096858307	0.096865534	0.002108574	6.29E-12
RNU6-916P	0.096858307	0.096865534	0.002108574	6.29E-12
SLC34A3	0.096858307	0.096865534	0.002108574	6.29E-12
U3_ENSG00000212321	0.096858307	0.096865534	0.002108574	6.29E-12
LINC00242	0.096858307	0.096036063	0.002108574	2.40E-08
TPSP2	0.096858307	0.095435344	0.002108574	2.16E-05
DEFB1	0.096858307	0.093614918	0.002108574	0.000118876
ZNF619P1	0.096858307	0.093127085	0.002108574	0.000525858
AC129492.5	0.096858307	0.092760202	0.002108574	0.000551315
RNU6-919P	0.09616031	0.096865534	0.003354024	5.35E-09
AL355987.3	0.094287732	0.096865534	0.004360987	6.60E-06
HOXA10-AS	0.09301496	0.096865534	0.005476227	0.000595248
LINC01123	0.092697751	0.09574707	0.006278082	0.000520377
AC244090.1	0.083346391	0.082847883	0.008548998	0.000357998
AC093525.1	0.074378356	0.074334512	0.001598975	2.60E-12
MIR4755	0.074378356	0.074334512	0.001598975	2.60E-12
AC007292.3	0.065050085	0.065054939	0.001416119	6.32E-12
AC023421.2	0.065050085	0.065054939	0.001416119	6.32E-12
AC231532.2	0.065050085	0.065054939	0.001416119	6.32E-12
AL161751.1	0.065050085	0.065054939	0.001416119	6.32E-12
LINC02020	0.065050085	0.065054939	0.001416119	6.32E-12
LINC02545	0.065050085	0.065054939	0.001416119	6.32E-12
MIR4770	0.065050085	0.065054939	0.001416119	6.32E-12
RN7SKP92	0.065050085	0.065054939	0.001416119	6.32E-12
USP17L17	0.065050085	0.065054939	0.001416119	6.32E-12
Y_RNA_ENSG00000200334	0.065050085	0.065054939	0.001416119	6.32E-12
AL355860.1	0.065050085	0.064567283	0.001416119	5.36E-09
AC107896.1	0.065050085	0.06451883	0.001416119	1.54E-08
AL162293.1	0.065050085	0.063936255	0.001416119	2.56E-06
KRT17P8	0.06355883	0.062419639	0.004076998	0.000311309
AC012613.1	0.058734625	0.058700003	0.001262668	2.62E-12
LINC01720	0.058734625	0.058700003	0.001262668	2.62E-12
FTH1P19	0.058073131	0.058700003	0.002442985	5.36E-07
HSD3B2	0.041418302	0.041393887	0.000890404	2.68E-12
OR6R1P	0.041418302	0.041393887	0.000890404	2.68E-12
AC025588.2	0.022028433	0.022015448	0.000473564	3.15E-12
LINC02292	0.022028433	0.022015448	0.000473564	3.15E-12
MRGPRX4	0.022028433	0.022015448	0.000473564	3.15E-12
SMDT1	0.022028433	0.022015448	0.000473564	3.15E-12
TCAF2P1	0.022028433	0.022015448	0.000473564	3.15E-12
Y_RNA_ENSG00000201498	0.022028433	0.022015448	0.000473564	3.15E-12
EIF2S2	-0.603347632	-0.896759438	7.087007858	8.98E-05
RPS25	-0.650438877	-0.755455885	7.968563521	0.000102962
TMEM14C	-0.718721935	-1.2018836	7.351808149	0.0009144
TMEM258	-0.762177959	-0.87733474	7.151328494	4.41E-05
HINT1	-0.763655867	-1.188681509	9.044432954	3.53E-05
RPS27A	-0.772521755	-0.657612878	9.010636066	0.000169207
AL356653.1	-0.78349472	-1.208014871	4.62072072	0.000888624
AC114491.1	-0.79235877	-1.542095665	6.584455183	0.000166093
ENY2	-0.796322625	-1.738531217	7.324685102	0.000163582
SUMO2	-0.805329634	-1.760702707	7.357313619	0.000371956
NAP1L1	-0.824804694	-1.869087711	9.12090092	0.00021206
RPL15	-0.840058288	-0.964915823	10.04195488	3.82E-07
VDAC2	-0.851880274	-1.0931533	7.684792783	8.07E-06
AC005000.1	-0.867850196	-1.849235674	4.811673434	0.00050187
RBBP4	-0.9591694	-1.326758701	8.669741318	0.000348512
CCNI	-0.982518748	-1.488564264	7.524998341	8.71E-05
RPS20	-1.007928337	-0.669949965	8.821334867	0.000236424
CLNS1A	-1.025656817	-1.467471174	8.09023611	0.000367733
CNBP	-1.047544305	-1.503586725	10.1616097	3.90E-09
COX6C	-1.055445669	-0.645470148	9.025307904	0.000294663
C2orf68	-1.094843553	-1.512576088	5.151749925	0.000468648
SEC61G	-1.10898663	-1.369201553	8.605381552	0.000100704
PDHB	-1.124711879	-1.816206351	7.884345583	0.000351791
CALU	-1.136256955	-1.888318605	8.255735015	1.40E-05
GLG1	-1.139956864	-2.137512576	6.833102185	0.000143837
IDH1	-1.151700641	-2.05652565	9.211814293	6.02E-06
COX6A1	-1.228503498	-0.834108756	7.513354976	3.40E-05
COX17	-1.273377995	-1.319136052	4.799542027	0.000745516
HSP90B1	-1.281790633	-1.282698139	10.32882009	7.48E-07
RSL24D1	-1.300827663	-1.186468704	8.380221664	6.29E-05
MEA1	-1.325153807	-1.3374384	6.254271166	2.09E-06
HSP90B2P	-1.343867976	-1.527338072	4.176970926	1.50E-05
GTF2I	-1.431533442	-2.273591197	4.191934822	0.000966419
FXR1	-1.442469016	-2.539965515	6.854864675	0.000287298
STMN1	-1.533299126	-2.346586524	10.84813439	5.86E-06
PRDX4	-1.541523473	-1.577404996	9.403088551	4.03E-07
MEST	-1.554576843	-2.80183337	7.340997676	0.000890073
AC016925.1	-1.582476409	-1.340661083	2.229268281	0.000965175
HMGCR	-1.663904725	-2.517977803	7.803300233	0.00020903
PIN4	-1.668081984	-2.341619992	5.908867833	9.24E-11
TUBA1A	-1.719723377	-4.798044835	7.02831369	3.59E-06
MTRNR2L10	-1.720637182	-2.384078509	4.317094449	0.00010739
FMC1	-1.820755607	-1.675161287	2.779755268	0.000190392
IFITM2	-1.904589874	-2.562926243	7.156408125	2.21E-06
SNRPN	-1.930338074	-4.729237643	6.415941308	1.59E-08
LAPTM4A	-1.942838076	-2.132162671	9.292355953	2.59E-15
DHCR24	-1.953603143	-1.991591308	7.229955192	5.79E-05
DNPH1	-1.955104557	-1.536861979	5.434232678	0.000108164
KDM5B	-1.961147493	-2.747996549	7.065074438	1.67E-06
RNF130	-1.99731081	-3.271887182	4.791439485	0.000652834
DPPA4	-2.012144562	-3.215887098	7.993270491	3.79E-12
MPC2	-2.065949322	-2.795103779	5.075046614	0.000307017
AC231533.2	-2.06708255	-1.942965236	4.18303307	5.98E-06
AK4P3	-2.34202854	-1.856341324	2.672042179	2.18E-05
ACAA2	-2.425630098	-2.373981467	7.226100812	7.91E-09
LAPTM4B	-2.443445603	-2.48297112	7.880854445	4.26E-09
TUBB2B	-2.466721217	-3.750064463	5.394464186	2.53E-08
ANKRD18CP	-2.479368417	-3.286185393	3.167714084	0.000731764
CD9	-2.494327512	-1.631269579	9.331028982	1.70E-06
PDK3	-2.533035579	-3.801474639	4.548191424	0.000776493
NMU	-2.577254012	-4.51031147	3.054210524	0.000902669
CEBPZ	-2.595526765	-2.24394712	8.861090656	1.64E-07
CNIH4	-2.611563242	-2.430030658	8.54957702	6.45E-16
NDUFAB1	-2.619563273	-0.734159527	10.43327009	0.000780789
IGFBP2	-2.626995329	-5.914183676	3.143016889	3.48E-05
SKIL	-2.635730883	-3.933625259	6.713548369	1.10E-06
ZBTB44	-2.665633959	-3.333945165	4.630104895	0.000325252
BCL11A	-2.676771531	-4.660655585	2.631348344	5.43E-05
CDK2AP1	-2.707908319	-2.838714958	3.406177723	0.00033293
APOO	-2.749918066	-4.034597671	5.280787723	2.15E-08
ZSCAN10	-2.77141642	-2.221106159	3.062501221	0.000334815
NREP	-2.84497048	-7.87623375	3.309061585	0.000214404
CCDC88A	-2.858058783	-4.848654847	4.15792734	0.000123885
C13orf42	-2.862036464	-3.033329346	3.023532567	0.00016085
HSPB1	-3.012912721	-2.81284526	5.254697877	4.25E-09
RBPMS2	-3.028767084	-3.362444411	4.405135691	4.76E-08
CXCL12	-3.034374451	-4.11239904	2.96620457	0.000210637
EMP3	-3.106997576	-2.195908166	3.681821045	0.000895073
GOLIM4	-3.191883954	-3.357622958	4.33052347	2.04E-05
CDCA7L	-3.236217852	-6.130464792	3.317852155	9.43E-05
SNHG14	-3.25870769	-5.059177117	7.513757477	4.82E-15
ALPL	-3.300335141	-2.850064639	3.400958354	6.40E-05
HMGN5	-3.308390399	-5.005650543	4.102410018	1.19E-08
POU5F1	-3.499598611	-2.381130146	3.618121488	1.68E-09
GPR176	-3.593577482	-3.838425065	3.676890887	0.000150941
CNTLN	-3.595934575	-3.679367586	3.791623104	0.000211941
VASH2	-3.693023231	-5.942633995	3.950966425	6.29E-06
SUZ12P1	-3.708704501	-3.086996887	4.768900459	2.67E-05
SOX2	-3.716549886	-3.20740743	3.634543116	4.69E-06
AC134669.1	-3.746972327	-2.646423049	5.289513068	3.91E-08
POU5F1P4	-3.748435307	-2.539233924	3.925757738	4.28E-12
RB1CC1	-3.785198159	-3.068409042	7.031161705	0.000825462
ENPP1	-3.801777696	-3.696627384	4.683452573	8.65E-05
GPC3	-3.848776359	-5.029702415	4.393217986	2.20E-05
AC006329.1	-3.885835549	-3.571183172	6.626740619	4.53E-09
GPM6B	-3.911061147	-7.58671426	4.80020934	2.84E-06
AC009055.2	-4.021518662	-1.882833053	4.165016207	0.000703016
IQGAP2	-4.04406539	-4.303166459	4.076950219	4.64E-05
HLTF	-4.15198067	-6.052572483	5.602220879	1.81E-10
SH3BGRL	-4.18119401	-6.058134327	5.943062562	3.57E-07
AC106864.1	-4.300776669	-4.818251522	4.487004384	1.92E-13
ITM2C	-4.346248043	-2.56489266	7.752818702	8.09E-08
MAP1B	-4.546538977	-7.586837066	6.626931478	2.46E-13
PIM2	-4.624171945	-2.90103396	8.013493768	2.50E-11
PDPN	-4.75874305	-3.769837654	5.785828845	8.50E-06
CD200	-4.891635366	-6.162513815	4.843686561	3.48E-13
PRPS1	-4.901733719	-5.65574592	6.98549614	4.89E-33
SLC39A10	-4.903072921	-5.403682171	7.32106976	1.70E-20
FGF13	-4.910390284	-6.869214736	5.115597348	1.60E-08
ENO2	-4.928485574	-2.703327371	6.462897127	0.000270555
RAB3B	-4.98080026	-3.759111137	6.759435848	1.80E-07
IFITM1	-5.004587352	-3.293286685	9.163236984	1.60E-25
POU5F1B	-5.129107853	-3.84110509	5.181340152	5.27E-26
CXADR	-5.131313833	-5.470835314	9.346706467	6.73E-39
AK4	-5.431214255	-5.6575899	7.861987451	8.47E-22
TDGF1P3	-5.465675139	-4.282458281	5.521627417	1.34E-22
POU5F1P3	-5.549728558	-4.305726572	5.702987309	1.77E-30
NANOGP8	-6.163155258	-3.274924151	6.636791112	3.47E-07
NANOG	-6.896131721	-5.222120673	7.076394948	1.68E-19
ESRG	-7.417073396	-7.983779324	7.638493246	6.44E-48
TDGF1	-7.725931522	-7.428930152	8.252281131	2.66E-43